"Status","Start Time","Stop Time","Duration in ms","Parent Suite","Suite","Sub Suite","Test Class","Test Method","Name","Description"
"passed","Sat Sep 05 19:30:03 CST 2020","Sat Sep 05 19:30:03 CST 2020","0","","test_mycalc","Test_mycalc_Add","","","test_add_yaml[零]",""
"passed","Sat Sep 05 19:30:03 CST 2020","Sat Sep 05 19:30:03 CST 2020","0","","test_mycalc","Test_mycalc_Divide","","","test_divide[str]",""
"passed","Sat Sep 05 19:30:03 CST 2020","Sat Sep 05 19:30:03 CST 2020","0","","test_mycalc","Test_mycalc_Divide","","","test_divide[int]",""
"passed","Sat Sep 05 19:30:03 CST 2020","Sat Sep 05 19:30:03 CST 2020","0","","test_mycalc","Test_mycalc_Add","","","test_add_yaml[整数]",""
"passed","Sat Sep 05 19:30:03 CST 2020","Sat Sep 05 19:30:03 CST 2020","1","","test_mycalc","Test_mycalc_Add","","","test_a",""
"passed","Sat Sep 05 19:30:03 CST 2020","Sat Sep 05 19:30:03 CST 2020","0","","test_mycalc","Test_mycalc_Add","","","test_add[float]",""
"passed","Sat Sep 05 19:30:03 CST 2020","Sat Sep 05 19:30:03 CST 2020","0","","test_mycalc","Test_mycalc_Add","","","test_add[zero]",""
"passed","Sat Sep 05 19:30:03 CST 2020","Sat Sep 05 19:30:03 CST 2020","1","","test_mycalc","Test_mycalc_Divide","","","test_divide[zero]",""
"passed","Sat Sep 05 19:30:03 CST 2020","Sat Sep 05 19:30:03 CST 2020","1","","test_mycalc","Test_mycalc_Divide","","","test_divide_yaml[整数]",""
"passed","Sat Sep 05 19:30:03 CST 2020","Sat Sep 05 19:30:03 CST 2020","1","","test_mycalc","Test_mycalc_Divide","","","test_divide_yaml[零]",""
"passed","Sat Sep 05 19:30:03 CST 2020","Sat Sep 05 19:30:03 CST 2020","1","","test_mycalc","Test_mycalc_Divide","","","test_divide[float]",""
"skipped","Sat Sep 05 19:30:03 CST 2020","Sat Sep 05 19:30:03 CST 2020","0","","test_mycalc","Test_mycalc_Add","","","test_add[xfail]",""
"passed","Sat Sep 05 19:30:03 CST 2020","Sat Sep 05 19:30:03 CST 2020","1","","test_mycalc","Test_mycalc_Divide","","","test_divide_yaml[小数]",""
"passed","Sat Sep 05 19:30:03 CST 2020","Sat Sep 05 19:30:03 CST 2020","0","","test_mycalc","Test_mycalc_Add","","","test_add_yaml[小数]",""
"passed","Sat Sep 05 19:30:03 CST 2020","Sat Sep 05 19:30:03 CST 2020","0","","test_mycalc","","","","test_1",""
"passed","Sat Sep 05 19:30:03 CST 2020","Sat Sep 05 19:30:03 CST 2020","0","","test_mycalc","Test_mycalc_Add","","","test_add[int]",""
